1012,國文(前),英文(均),,數B(均),,社會(均),
1022,國文(前),英文(頂),數A(均),數B(均),,社會(前),英聽(A)
1032,國文(前),英文(前),,數B(均),,社會(前),
1042,國文(前),英文(前),數A(前),數B(前),,,
1052,,英文(均),,,,社會(均),
1062,國文(前),英文(前),數A(均),數B(均),,社會(均),
1072,國文(前),英文(前),,數B(均),,社會(前),
1092,,英文(前),數A(頂),,自然(頂),,
1102,國文(前),英文(前),數A(頂),,自然(頂),,
1112,國文(均),英文(均),數A(均),,自然(均),,
1122,國文(均),英文(均),數A(均),,自然(均),,
1132,國文(均),英文(均),數A(均),,自然(均),,
1142,,英文(均),數A(均),,,社會(均),
1152,國文(均),英文(均),數A(均),,自然(均),,
1162,國文(前),英文(前),數A(均),,,社會(前),
1172,國文(前),英文(前),數A(均),,,社會(前),
1182,國文(前),英文(前),數A(均),,,社會(前),
1192,,英文(前),數A(前),,,,
1202,,英文(前),數A(前),,,,
1212,,英文(前),數A(前),,,,
1222,國文(前),英文(前),,數B(均),,社會(前),
1232,國文(均),英文(均),,數B(均),,社會(均),
1242,國文(頂),英文(頂),數A(頂),,自然(頂),,
1252,國文(頂),英文(頂),數A(頂),,自然(頂),,
1262,國文(前),英文(頂),數A(頂),,自然(頂),,
1272,國文(均),英文(均),數A(前),,自然(前),,
1282,國文(均),,,,自然(均),,
1292,,英文(均),,,自然(均),,
1302,國文(均),英文(均),數A(均),,自然(均),,
1312,國文(前),英文(前),數A(前),,自然(前),,
1322,國文(均),英文(均),數A(均),,自然(均),,
1332,國文(均),英文(均),數A(前),,自然(前),,
1342,國文(頂),英文(頂),數A(頂),,自然(頂),,
1352,,英文(均),數A(均),,自然(均),,
1362,國文(頂),英文(頂),數A(頂),,自然(頂),,
1372,國文(前),英文(頂),數A(頂),,自然(頂),,
1382,,英文(均),,,,,
1392,國文(前),英文(前),數A(頂),,自然(頂),,
1402,國文(均),英文(均),數A(均),,自然(均),,
1412,國文(均),英文(均),數A(均),,自然(均),,
1422,國文(均),英文(均),數A(均),,自然(均),,
1432,國文(前),英文(前),數A(前),,,,
1442,國文(均),英文(均),數A(均),,自然(均),,
1452,國文(均),英文(前),數A(均),,自然(前),,
1462,國文(前),英文(前),,數B(前),,社會(前),
1472,,英文(均),數A(均),,自然(均),,
1482,國文(均),英文(均),數A(均),,自然(均),,
1492,國文(均),英文(均),數A(均),,自然(均),,
1502,國文(頂),英文(頂),數A(頂),,,,
1512,,英文(頂),數A(頂),,,,
1522,國文(頂),英文(頂),數A(頂),,,,
1532,國文(頂),英文(頂),數A(頂),,,,
1542,,英文(頂),數A(頂),,,,
1552,,英文(頂),數A(頂),,,,
1562,,英文(均),數A(均),,自然(均),,
1572,,英文(頂),數A(頂),,自然(頂),,
1582,,英文(頂),數A(頂),,自然(頂),,
1602,國文(頂),英文(頂),,數B(前),,社會(頂),
1612,國文(頂),英文(頂),,數B(前),,社會(頂),
1622,國文(頂),英文(頂),,數B(前),,社會(頂),
1632,國文(前),,數A(前),,,,
1642,國文(均),英文(均),數A(均),,自然(均),,
1652,國文(均),英文(均),,數B(均),,,
1662,國文(前),英文(前),,數B(均),,社會(均),
1672,國文(均),英文(前),數A(前),,,社會(均),
1682,國文(均),英文(均),數A(前),,自然(前),,
1692,國文(前),英文(前),數A(前),,自然(前),,
1702,國文(均),英文(均),數A(前),,自然(前),,
1712,國文(前),英文(前),數A(前),,,社會(均),
1722,國文(均),英文(均),數A(均),,自然(均),,
1732,國文(頂),英文(頂),數A(頂),,自然(頂),,
2012,國文(前),英文(前),,數B(均),,社會(均),
2022,國文(前),英文(前),,數B(均),,社會(均),
2032,國文(前),英文(前),,數B(均),,社會(前),
2042,國文(前),英文(前),,,,,
2052,國文(均),英文(均),,,,,
2062,國文(均),英文(均),,,,,
2072,國文(均),英文(均),,,,,
2082,國文(均),英文(均),,,,,
2092,國文(前),英文(前),,數B(均),,社會(前),
2102,國文(均),英文(均),,,,,
2112,國文(均),英文(均),數A(前),,,,
2122,國文(均),英文(均),數A(均),數B(均),,,
2132,國文(均),英文(均),,,,,
2142,國文(頂),英文(前),,,,社會(前),
2152,國文(前),英文(頂),,,,,英聽(A)
2162,國文(前),英文(前),,,,社會(前),
2172,國文(前),英文(前),,,,社會(前),
2182,國文(前),英文(均),,數B(均),,社會(均),英聽(B)
2192,國文(前),英文(均),,數B(均),,社會(均),英聽(B)
2202,國文(前),英文(均),,,,社會(前),
2212,,英文(均),數A(前),,自然(均),,
2222,,英文(均),數A(前),,自然(均),,
2232,,,,,自然(前),,
2242,,英文(均),數A(均),,自然(均),,
2252,國文(均),英文(均),數A(均),,,,
2262,,,數A(均),,自然(均),,
2272,國文(均),英文(均),數A(前),,自然(前),,
2292,,英文(均),,,自然(均),,
2302,,英文(均),,數B(均),自然(均),,
2312,,英文(均),,數B(均),自然(均),,
2322,國文(均),英文(均),數A(均),,,,
2332,國文(均),英文(前),數A(前),,自然(前),,
2342,國文(均),英文(前),數A(前),,自然(前),,
2352,國文(均),英文(前),數A(前),,自然(前),,
2362,國文(前),英文(前),,,,,
2372,國文(均),英文(前),,數B(均),,社會(均),
2382,國文(均),英文(均),,數B(前),,,
2392,國文(均),英文(均),數A(均),,自然(均),,
2402,國文(後),英文(均),數A(均),數B(均),,,
2412,國文(均),英文(均),數A(後),數B(後),,,
2422,國文(後),英文(後),數A(均),數B(均),自然(均),,
2432,國文(均),英文(均),數A(均),數B(均),,,
2442,國文(均),英文(底),數A(底),數B(底),,,
2462,國文(均),英文(均),,,,,
3012,國文(均),英文(均),,,,,英聽(B)
3022,國文(前),英文(前),,,,社會(均),英聽(A)
3032,國文(前),英文(均),,,,社會(前),
3042,國文(均),英文(均),,,,社會(均),
3052,國文(前),英文(前),,數B(前),,,
3062,,英文(前),,數B(前),,,
3072,國文(均),英文(前),數A(前),,自然(均),,
3082,國文(前),英文(前),,數B(前),,社會(均),
3092,國文(前),英文(前),數A(前),數B(前),,,英聽(B)
3102,國文(均),英文(均),數A(均),,,,英聽(B)
3112,國文(前),英文(前),,數B(均),,社會(前),
3122,,英文(均),數A(前),,自然(前),,
3132,,英文(均),數A(前),,自然(前),,
3142,,英文(均),數A(前),,自然(前),,
3152,,英文(均),數A(前),,自然(均),,
3162,,英文(均),數A(前),,自然(均),,
3172,,英文(均),數A(均),,自然(均),,
3182,國文(均),英文(均),數A(均),,自然(均),,
3192,國文(均),英文(均),數A(均),,自然(均),,
3202,,英文(均),數A(均),,自然(均),,
3212,,英文(均),數A(均),,自然(均),,
3222,,英文(均),數A(均),,自然(均),,
3232,,,數A(均),,自然(均),,
3242,國文(均),英文(均),數A(均),,,,
3262,,英文(均),數A(均),,自然(均),,
3272,,英文(均),數A(均),,自然(均),,
3282,,英文(均),數A(均),,自然(均),,
3292,國文(均),英文(均),數A(均),,自然(均),,
3302,國文(均),英文(均),,數B(均),自然(均),,英聽(B)
3312,國文(均),英文(均),,數B(均),自然(前),,英聽(B)
3322,國文(均),英文(均),,數B(均),自然(均),,
3332,國文(均),英文(均),,數B(均),自然(均),,
3342,國文(均),英文(均),,,自然(均),,
3352,國文(均),英文(均),數A(均),,自然(前),,
3362,國文(均),英文(均),數A(均),,自然(均),,英聽(B)
3372,,英文(均),數A(均),,自然(均),,
3382,國文(均),英文(均),數A(均),,自然(前),,
3392,國文(均),英文(均),數A(均),,,,
3402,國文(均),英文(前),數A(均),,自然(均),,英聽(A)
3412,,英文(均),數A(均),,自然(前),,
3422,國文(均),英文(前),數A(均),,自然(前),,英聽(B)
3432,國文(均),英文(均),數A(均),數B(均),,,
3442,國文(均),英文(均),,,,社會(均),
3452,,英文(均),數A(均),,自然(均),,
3462,,英文(均),數A(均),,自然(均),,
3472,,英文(均),數A(均),,自然(均),,
3482,,英文(均),數A(均),數B(均),自然(均),,
4012,國文(頂),英文(均),,,,社會(前),
4022,國文(前),英文(頂),,,,,
4032,國文(前),英文(前),,,,社會(前),
4042,國文(頂),英文(前),,,,社會(前),
4052,國文(後),英文(均),數A(前),,自然(均),,
4062,國文(均),英文(前),數A(前),,自然(前),,
4072,,英文(前),數A(前),,自然(前),,
4082,,英文(均),數A(均),,自然(均),,
4092,國文(均),英文(均),數A(前),,自然(前),,
4102,國文(均),英文(均),數A(前),,自然(均),,
4112,國文(均),英文(頂),數A(前),,自然(前),,英聽(A)
4122,國文(均),英文(前),數A(頂),,自然(頂),,
4132,,英文(前),數A(前),,自然(前),,
4142,國文(均),英文(均),數A(均),,自然(均),,
4152,國文(均),英文(均),數A(均),,自然(均),,
4162,國文(均),英文(均),數A(前),,自然(前),,
4172,,英文(前),數A(前),,自然(前),,
4182,國文(均),英文(前),數A(前),,自然(前),,
4192,,英文(前),數A(前),,自然(前),,
4202,,英文(前),數A(前),,自然(前),,
4212,國文(均),英文(前),數A(前),,自然(前),,
4222,國文(均),英文(均),數A(均),,自然(均),,
4232,,英文(前),數A(前),,自然(前),,
4242,國文(前),英文(前),,,,,
4262,國文(均),英文(前),數A(前),,自然(均),,
4272,國文(均),英文(前),數A(前),,,,
4282,國文(均),英文(前),,數B(前),,社會(均),
4292,國文(均),英文(前),,數B(均),,,
4302,國文(頂),英文(頂),數A(頂),,自然(頂),,
4312,國文(頂),英文(頂),數A(頂),,自然(頂),,
4322,國文(頂),英文(頂),數A(頂),,自然(頂),,
4332,國文(均),英文(均),數A(均),,自然(均),,
4342,國文(均),英文(均),,,自然(均),,
4352,,英文(前),,,自然(均),,
4362,國文(均),英文(前),,,自然(均),,
4372,國文(均),英文(均),數A(均),,自然(均),,
4382,國文(前),英文(前),,數B(均),,社會(前),
4392,國文(均),英文(均),數A(均),,,,
4402,國文(前),英文(前),,數B(均),,社會(前),
4412,,英文(均),數A(均),,自然(均),,
4422,,英文(均),數A(前),,自然(前),,
4432,,英文(前),數A(前),,自然(前),,英聽(A)
4442,,英文(均),數A(前),,自然(前),,
4452,,英文(前),數A(前),,自然(前),,英聽(A)
4472,國文(均),英文(均),數A(均),,,,
4482,國文(均),英文(均),數A(均),,,,
4492,國文(均),英文(均),數A(均),,自然(均),,
4502,國文(均),英文(均),數A(均),,自然(前),,
4512,國文(均),英文(均),,,自然(前),,
4522,國文(前),英文(前),數A(頂),,,,
4532,國文(均),英文(均),,,,社會(均),
4542,國文(均),英文(均),,數B(均),,,
4552,,英文(均),數A(均),,自然(均),,
4562,,英文(均),數A(均),,自然(均),,
4572,,英文(均),數A(均),,自然(均),,
5012,國文(均),,,,,社會(後),
5022,國文(底),英文(底),,,,社會(底),
5032,國文(後),英文(後),,,,,
5042,國文(均),英文(後),,,,社會(後),
5052,國文(均),英文(後),,,,社會(均),
5062,,,,數B(後),,社會(後),
5072,,,,數B(後),,社會(後),
5082,國文(均),英文(前),,,,,
5092,國文(均),英文(均),,,,社會(後),
5102,國文(均),英文(均),,,,,
5112,,,數A(均),,,,
5122,,,數A(底),,自然(底),,
5132,,,數A(後),,自然(後),,
5142,,英文(後),,,自然(後),,
5152,國文(後),英文(後),數A(後),,,,
5162,國文(前),英文(前),數A(前),數B(前),,社會(均),英聽(B)
5172,,英文(後),,數B(均),,,
5182,國文(均),英文(均),,數B(均),,,
5192,,英文(均),,數B(均),,,
5202,國文(均),英文(前),,數B(均),,,
5212,,英文(後),,數B(均),,,
5222,,英文(均),,數B(均),,,
5232,,英文(均),,數B(均),,,
6012,國文(頂),英文(前),,,,社會(前),
6022,國文(前),英文(前),,,,社會(前),
6032,國文(前),英文(前),,,,,
6042,國文(均),英文(前),,,,,英聽(B)
6052,,英文(均),數A(後),數B(均),,社會(均),
6062,國文(前),英文(前),數A(均),數B(均),,社會(前),
6072,國文(前),英文(前),數A(前),,,,
6082,國文(前),英文(前),數A(均),數B(前),,社會(前),
6092,國文(前),英文(前),數A(前),,,社會(前),
6102,國文(前),英文(前),數A(前),,,社會(前),
6112,國文(前),英文(前),數A(前),,自然(前),,
6122,,英文(前),數A(前),,,,
6132,國文(前),英文(前),,,,社會(前),英聽(B)
6142,國文(前),英文(頂),數A(均),數B(均),,社會(前),
6152,國文(前),英文(前),數A(前),,,,
6162,國文(前),英文(前),數A(前),,,,
6172,國文(前),英文(前),數A(前),,,,
6182,國文(前),英文(前),數A(頂),,,,
6192,國文(前),英文(前),數A(頂),,,,
6202,國文(前),英文(前),數A(前),,,,
6212,國文(前),英文(前),數A(前),,,,
6222,國文(前),英文(前),數A(前),,,,
6232,國文(前),英文(前),數A(前),,,,
6242,國文(前),英文(前),,,,,
6252,,英文(前),數A(前),,,,
6262,國文(前),英文(頂),,,,,英聽(A)
6272,國文(前),英文(頂),,數B(均),,,
6282,國文(前),英文(前),,,,社會(前),
6292,國文(前),英文(頂),,,,社會(前),
6302,國文(前),英文(前),,,,社會(前),
6312,國文(前),英文(前),,,,社會(均),
6322,國文(前),英文(前),,,,社會(前),
6332,國文(前),英文(前),,,,社會(前),
6342,國文(前),英文(前),,,,社會(前),
6352,國文(前),英文(前),,,,社會(前),
6362,國文(前),英文(前),,,,社會(前),
6372,國文(前),英文(前),,,,社會(前),
6382,國文(均),英文(前),,數B(均),,社會(前),
6392,,英文(均),數A(前),,,,
6402,國文(均),英文(均),數A(均),,自然(均),,英聽(B)
6412,,英文(均),數A(前),,自然(均),,
6422,,英文(均),數A(前),,,,
6442,,英文(均),,,,,
6452,國文(均),英文(前),,,,社會(前),英聽(A)
6462,國文(均),英文(均),,,,社會(均),
6472,國文(均),英文(均),數A(均),,,,
7012,國文(前),英文(前),數A(前),,自然(前),,
7022,,英文(均),,,自然(均),,
7032,,英文(均),,,自然(均),,
7042,國文(前),英文(前),數A(前),,自然(前),,
7052,國文(均),英文(後),數A(後),,自然(均),,
7062,國文(前),英文(前),數A(前),,自然(前),,
7072,國文(均),英文(均),數A(均),,自然(均),,
7082,,英文(均),數A(底),,自然(均),,
7092,,英文(均),,,自然(均),,
7102,,英文(均),數A(均),,自然(後),,
7112,,英文(均),數A(均),,,,
7122,國文(均),英文(均),數A(均),數B(均),自然(均),,
7132,,英文(均),數A(均),,自然(均),,
7142,,英文(後),數A(後),,,,
7152,,,,,自然(均),,
7162,,,,,自然(均),,
7172,國文(後),英文(均),數A(後),,自然(均),,
7182,,,,,自然(均),,
7192,,英文(底),,,自然(均),,
7202,,英文(均),,,自然(後),,
7212,國文(均),英文(均),,,,,
7222,國文(均),英文(前),數A(前),,自然(前),,
7232,國文(均),英文(前),數A(前),,自然(前),,
7242,國文(均),英文(前),數A(前),,自然(前),,
7252,國文(均),,,,自然(均),,
7262,,,,,自然(均),,
7272,,英文(均),,,,,
7282,國文(前),英文(前),數A(前),,自然(前),,
8012,,英文(後),數A(後),,,,
8022,,,數A(均),,自然(後),,
8032,,,數A(均),,自然(後),,
8042,,,數A(均),,自然(均),,
8052,,,數A(均),,自然(均),,
8062,國文(後),英文(均),數A(均),,自然(後),,
8072,,英文(後),,,自然(均),,
8082,,英文(後),數A(後),,自然(後),,
8092,,英文(後),數A(後),,自然(後),,
8102,,英文(後),數A(後),,自然(後),,
8112,,,數A(後),,,,
8122,,,,,自然(後),,
8132,,英文(後),數A(後),,自然(後),,
8142,,英文(後),,,,,
8152,,英文(後),數A(均),,,,
8162,國文(後),,,,,,
8172,國文(後),,,,,,
8182,,英文(後),,,,,
8192,,英文(後),,,,,
8202,,英文(均),,,,,
8212,,英文(均),數A(均),,,,
8222,,英文(後),,,,,
8232,國文(均),,,,,,
8242,國文(均),,,,,,
8252,國文(均),,,,,,
8262,,,,,,社會(均),
8272,,,,,,社會(後),
8282,,,,數B(均),,,
8292,,,數A(底),數B(後),,,
8302,國文(均),,,,,,
8312,國文(均),英文(均),,,,,
8322,國文(均),英文(均),,,,,
8332,,英文(均),,,,,
8342,國文(均),英文(均),,,,,
8352,,英文(後),,,,,
8362,,,,,自然(均),,
8372,國文(均),英文(均),數A(後),數B(後),,,
8382,國文(均),英文(後),,數B(後),,,
8392,,英文(均),,,,,
8402,國文(均),英文(後),,,,,
9012,國文(均),,,,,,
9022,,英文(均),,,,,
9032,,,,,,社會(均),
9042,,英文(均),,,,,
9052,國文(均),,,,,,
9062,,英文(後),,,,,
9072,,英文(後),,,自然(後),,
9082,,英文(後),,,自然(後),,
9092,,,,,自然(均),,
9102,,,,,自然(均),,
9112,,,數A(均),,,,
9122,,英文(後),數A(後),,,,
9132,,,數A(後),,自然(後),,
9142,,英文(後),,,自然(後),,
9152,,英文(後),數A(均),,,,
9162,,英文(均),數A(後),,,,
9172,,,,,自然(後),,
9182,,,數A(後),,,,
9202,,,,,自然(後),,
9222,,,數A(後),,自然(後),,
9242,,,數A(後),,,,
9252,,英文(後),,數B(後),,,
9262,,英文(均),,,,,
9272,國文(後),,,數B(後),,,
9282,,英文(均),,數B(後),,,
9292,,,數A(均),,,,
9302,,,,數B(均),,,
9312,,英文(均),,數B(後),,,
9322,,英文(後),,數B(均),,,
9332,,英文(後),,,,,
9342,,英文(後),,,,,
9352,,,,,,社會(均),
9362,,英文(後),,,,社會(均),
9372,,,,,,社會(均),
9382,,,,,,社會(均),
9392,,,,,,社會(後),
9402,,,,,自然(均),,
9412,,,數A(後),數B(後),自然(均),,
9422,,英文(後),,,,,
9432,國文(後),英文(後),,,,,
9442,,,數A(均),數B(均),,,
9452,,英文(均),,,,,
9462,,英文(均),,,,,
9472,國文(後),,,,,,
9482,國文(均),英文(均),數A(後),數B(後),,,
9492,,英文(均),,,,,
9502,,英文(均),,,,,
11012,國文(頂),英文(前),,數B(均),,社會(前),
11022,國文(頂),英文(前),,數B(均),,社會(前),
11032,國文(頂),英文(頂),,數B(均),,社會(頂),英聽(A)
11042,國文(前),英文(前),,數B(均),,社會(前),
11052,國文(前),英文(前),,數B(均),,社會(前),
11062,國文(前),英文(前),,,,社會(前),
11072,國文(均),英文(前),,數B(均),,,
11082,國文(前),英文(前),,,,社會(前),
11092,國文(前),英文(頂),,數B(均),,社會(均),英聽(A)
11102,國文(均),英文(前),,數B(前),,,
11112,國文(前),英文(前),,數B(前),,社會(前),
11122,國文(前),英文(前),數A(前),,,,英聽(B)
11132,國文(前),英文(前),數A(前),,,,
11142,國文(前),英文(前),數A(前),,,,
11152,,英文(均),數A(頂),,自然(前),,
11162,,英文(前),數A(頂),,自然(前),,
11172,國文(均),英文(前),數A(前),,,,
11182,國文(均),英文(前),數A(前),,,,
11192,國文(均),英文(前),數A(前),,,,
11202,,英文(前),數A(前),,自然(前),,
11212,,英文(前),數A(前),,自然(前),,
11222,,英文(前),數A(前),,自然(前),,
11232,國文(均),英文(前),數A(前),,自然(前),,
11242,國文(前),英文(前),數A(前),,自然(前),,
11252,國文(均),英文(前),數A(前),,自然(前),,
11262,國文(前),英文(前),數A(前),,自然(頂),,
11272,國文(前),英文(前),數A(前),,自然(前),,
11282,國文(均),英文(前),數A(前),,自然(前),,
11292,,英文(頂),數A(前),,自然(頂),,
11302,國文(均),英文(前),數A(頂),,自然(前),,
11312,國文(前),英文(頂),數A(前),,自然(頂),,
11322,,英文(頂),數A(頂),,自然(頂),,
11332,,英文(均),數A(頂),,自然(頂),,
11342,國文(均),英文(前),數A(前),,自然(前),,
11352,國文(均),英文(前),數A(前),,自然(前),,
11362,,英文(前),數A(前),,自然(前),,
11382,,英文(前),數A(前),,自然(前),,
11392,,英文(前),數A(前),,自然(前),,
11402,國文(前),英文(前),數A(前),,自然(前),,
11412,國文(前),英文(前),數A(前),,自然(頂),,
11422,國文(均),英文(前),數A(均),,自然(均),,
11432,國文(前),英文(前),,,自然(前),,
11442,國文(均),英文(均),,,,社會(均),
11452,國文(均),英文(均),數A(均),數B(均),,,
11462,,英文(均),數A(前),,自然(均),,
11472,,英文(前),數A(前),,自然(前),,
11482,國文(均),英文(均),數A(均),,,,
11492,國文(均),英文(前),數A(前),數B(前),,,
11502,國文(均),英文(前),數A(均),數B(均),,,
11512,國文(均),英文(前),,,,,
12012,國文(前),英文(前),數A(前),,自然(前),,
12022,國文(前),,數A(頂),,自然(頂),社會(前),英聽(A)
12032,國文(前),英文(頂),數A(頂),,自然(頂),,
12042,國文(前),英文(頂),數A(頂),,自然(頂),,
12052,,英文(均),數A(均),,自然(均),,
12062,國文(後),英文(後),,,自然(後),,
12072,,英文(後),,,自然(後),,
12082,,英文(後),,,自然(後),,
12092,,英文(後),,,自然(後),,
12102,,英文(後),,,自然(後),,
12112,,英文(後),,,自然(後),,
12122,,英文(後),,,自然(後),,
12132,,英文(後),,,自然(後),,
12142,,英文(後),,數B(後),,,
12152,,英文(後),,,自然(後),,
12162,,英文(後),數A(後),,自然(後),,
13012,,英文(頂),數A(頂),,自然(頂),,
13022,國文(均),英文(均),數A(前),,自然(前),,
13032,,英文(前),數A(前),,自然(前),,
13042,國文(均),英文(前),數A(頂),,自然(頂),,
13052,國文(均),英文(前),數A(頂),,自然(前),,
13072,,英文(前),數A(前),,自然(前),,
13082,,英文(前),數A(頂),,自然(頂),,
13092,,英文(均),,,自然(均),,
13102,國文(前),英文(均),數A(前),,自然(前),,
13112,國文(均),英文(均),數A(前),,自然(均),,
13122,國文(均),英文(前),數A(前),,自然(均),,英聽(B)
13132,國文(均),英文(前),數A(前),,自然(前),,
13142,國文(均),英文(前),數A(前),,自然(前),,
13152,國文(均),英文(前),數A(前),,自然(前),,
13162,國文(前),英文(前),數A(前),,自然(前),,
13172,國文(前),英文(前),數A(前),,自然(前),,
13182,國文(均),英文(前),數A(前),,自然(前),,
13192,,英文(均),數A(前),,自然(均),,
13202,,,,,自然(前),,
13212,,,數A(前),,,,
13222,,英文(前),數A(前),,自然(前),,
13232,國文(前),英文(前),數A(前),,,,
13242,國文(前),英文(前),數A(前),,,,
13252,國文(均),英文(前),數A(前),,自然(均),,
13262,國文(均),英文(前),數A(前),,自然(前),,
13272,國文(前),英文(頂),,數B(均),,社會(均),
13282,國文(前),英文(前),,數B(均),,社會(前),
13292,國文(均),英文(前),,,,社會(均),
13302,國文(均),英文(均),數A(前),,自然(前),,
13312,,英文(均),數A(前),,自然(前),,
13322,,英文(均),數A(均),,自然(均),,
13332,國文(均),英文(均),數A(均),,,,
13342,國文(均),英文(均),,,,社會(均),
13352,國文(頂),英文(頂),數A(頂),,自然(頂),,
13362,國文(頂),英文(頂),,,自然(頂),,
13372,國文(前),英文(頂),數A(頂),,自然(頂),,
13382,國文(頂),英文(頂),數A(頂),,自然(頂),,
13392,國文(頂),英文(頂),數A(頂),,自然(頂),,英聽(A)
13402,,英文(均),數A(均),,自然(均),,英聽(B)
13412,,英文(均),數A(均),,自然(均),,
13422,國文(均),英文(均),數A(均),,自然(均),,
13432,國文(均),英文(均),數A(均),,自然(均),,
13442,,英文(前),數A(前),,自然(前),,
13452,,英文(均),數A(前),,自然(前),,
13462,,,數A(均),,自然(均),,
13472,國文(均),英文(均),數A(均),,自然(均),,英聽(A)
13482,,英文(均),數A(前),,自然(前),,
13492,,英文(前),數A(前),,自然(前),,
13502,,英文(前),數A(前),,自然(前),,
13512,,英文(均),數A(均),,自然(均),,
14012,國文(均),,,,,,
14022,,,,,,社會(均),
14032,,英文(後),,,,,
14042,國文(後),英文(後),,,,,
14052,國文(後),英文(後),,,,,
14062,國文(後),英文(後),,,,,
14072,國文(後),英文(後),,,,,
14082,,英文(均),,,,,
14092,,英文(均),,,,,
14102,,英文(均),,,,,
14112,國文(均),英文(均),,,,,
14122,,英文(均),,,,,
14132,國文(均),,,,,,
14142,,英文(均),,,,,
14152,,,,數B(後),,,
14162,,英文(均),,,,,
14172,,,,數B(後),,,
14182,,,,數B(後),,,
14192,,英文(均),,,,,
14202,,,,數B(後),,,
14212,,,,數B(後),,,
14222,,,,數B(後),,,
14232,,,,數B(後),,,
14242,,,,數B(後),,,
14252,,,,數B(後),,,
14262,,,,數B(後),,,
14272,,,,,,社會(後),
14282,,,,數B(後),,,
14292,,,,數B(底),,,
14302,,英文(均),,,,,
14312,,英文(均),,,,,
14322,,英文(均),,,,,
14332,,英文(均),,,,,
14342,,英文(後),數A(後),,自然(後),,
14352,,,數A(均),,,,
14362,,,數A(均),,,,
14372,,,,,自然(後),,
14382,,,,,自然(後),,
14392,,英文(後),數A(均),,自然(後),,
14402,,英文(後),數A(均),,自然(後),,
14412,國文(後),英文(後),數A(後),數B(後),,,
14422,,,,,自然(後),,
14432,,,數A(均),,,,
14442,,,,數B(後),,,
14452,,,數A(後),數B(均),,,
14462,,,數A(後),數B(均),,,
14472,,,數A(均),數B(均),,,
14482,,,數A(均),數B(均),,,
14492,,,數A(均),數B(均),,,
14502,,,數A(均),數B(均),,,
14512,,英文(後),數A(後),,自然(後),,
14522,,,數A(後),,,,
14532,,,,,自然(後),,
14542,,,,,自然(後),,
14582,,英文(後),,,,,
15012,,英文(後),,,,,
15022,,英文(後),,,,,
15032,,英文(後),,,,,
15042,,英文(後),,,,,
15052,,英文(後),,,自然(後),,
15062,,英文(後),,,自然(後),,
15072,,英文(後),數A(後),,,,
15082,,,數A(後),,,,
15092,,,,數B(後),,,
15102,,英文(後),,,自然(後),,
15112,,,,,自然(後),,
15122,,,數A(後),,,,
15132,,英文(後),,,,社會(均),
15142,,英文(均),,數B(後),,,
15152,,英文(均),,,,,英聽(B)
15162,,英文(後),,,,社會(後),
15172,,英文(後),,,,社會(後),
15182,,,,數B(後),,,
15192,,英文(後),,數B(後),,,
15202,,英文(後),,數B(後),,,
15212,國文(後),英文(後),,,,,
15222,國文(均),英文(後),,,,,
15232,國文(均),英文(後),,,,,
15242,,英文(均),,,,,
15252,,英文(後),數A(後),,,,
15262,,英文(後),,數B(後),,,
15282,,英文(後),數A(後),,,,
15292,,英文(後),,數B(後),,,
15302,,英文(後),數A(後),,,,
15312,,英文(後),,數B(均),,,
15322,,英文(後),數A(後),,,,
15332,,英文(後),,數B(後),,,
15342,,英文(後),數A(均),,自然(後),,
15352,,英文(後),,數B(均),自然(後),,
15362,,英文(後),數A(後),,,,
15372,,英文(後),,數B(後),,,
15382,,英文(後),數A(後),,,,
15392,,英文(後),數A(後),,,,
15402,國文(後),英文(後),,,,社會(後),
15412,國文(後),英文(後),,數B(後),,,
15422,國文(後),英文(後),,,,社會(後),
15432,,英文(後),,數B(後),,,
15442,,英文(後),,,,,
15452,,英文(後),,數B(均),,,
15462,國文(均),英文(後),,,,,
15472,,英文(均),,數B(均),,,
15482,,英文(前),,數B(均),,,
15492,,英文(前),數A(均),,,,
15502,,英文(均),,數B(均),,,
15512,,英文(均),數A(均),,,,
15522,,英文(均),數A(均),,,,
15532,,英文(後),數A(後),,,,
16012,國文(前),英文(均),,,,社會(均),
16022,國文(均),英文(前),,,,社會(均),
16032,國文(前),英文(前),,,,社會(前),
16042,國文(前),英文(前),,,,社會(均),
16052,國文(均),英文(均),數A(前),,自然(均),,
16062,國文(均),英文(均),數A(前),,自然(均),,
16072,國文(均),英文(均),數A(均),,自然(均),,
16082,國文(均),英文(均),數A(均),,自然(均),,
16092,國文(均),英文(均),數A(均),,自然(均),,
16102,國文(均),英文(均),數A(均),,自然(均),,
16112,國文(均),英文(均),數A(前),,自然(前),,
16122,國文(均),英文(均),數A(前),,自然(前),,
16132,國文(均),英文(均),數A(前),,自然(前),,
16142,,,數A(頂),,自然(頂),,
16152,,英文(均),數A(均),,自然(前),,
16162,國文(前),英文(前),,數B(前),,,
16172,國文(均),,數A(均),,,,
16192,國文(均),英文(均),,數B(前),,,
16202,國文(前),英文(前),,數B(前),,社會(均),
16212,國文(均),英文(前),數A(前),,自然(前),,
16222,國文(前),英文(前),數A(前),,自然(前),,
16242,國文(均),英文(前),數A(前),,自然(前),,
16252,國文(均),英文(前),數A(前),,自然(前),,
16262,國文(均),英文(均),數A(前),,自然(前),,
16272,國文(均),英文(均),數A(前),,自然(前),,
16282,國文(均),英文(均),數A(前),,自然(前),,
16292,國文(均),英文(前),數A(前),,自然(前),,
16302,國文(前),英文(均),,,,社會(前),
16312,國文(前),英文(均),,,,社會(前),
16322,,英文(均),數A(均),,自然(前),,
16332,,英文(前),數A(前),,自然(前),,
16342,國文(均),英文(均),數A(均),,自然(均),,
16352,國文(均),英文(均),,數B(均),,社會(均),
16362,國文(均),英文(均),數A(均),,自然(均),,
16372,國文(均),英文(均),數A(均),,自然(均),,
16382,國文(均),英文(均),,,,社會(均),
17012,國文(後),,,,,,
17022,國文(後),,,,,,
17032,國文(後),,,,,,
17042,,,,,,社會(底),
17052,國文(後),,,,,,
17062,,英文(後),,,,,
17072,,英文(底),,,,,
17082,,英文(底),,,,,
17092,,英文(底),,,,,
17102,,英文(後),數A(底),數B(底),,,
17112,,,數A(底),,,,
17122,,,數A(底),,,,
17132,,,,,自然(後),,
17142,國文(後),,,,,,
17152,,,數A(底),,,,
17162,國文(後),,,,,,
17172,,,,,自然(底),,
17182,國文(後),英文(後),,,,,
17192,國文(後),英文(後),,,,,
17202,國文(後),英文(後),,,,,
17212,國文(後),英文(底),,,,,
17222,國文(底),,,,,,
17232,,,,,,社會(後),
17242,國文(底),,,,,,
17252,,,,,,社會(底),
17262,,,,,自然(底),,
17272,,,,,自然(底),,
17282,,,,,自然(底),,
17292,國文(底),,,,,,
17302,,,,,,社會(底),
17312,,,,,自然(後),,
17322,,,,,自然(底),,
17332,,,數A(底),,,,
17342,,,數A(底),,,,
17352,,,,,自然(底),,
17362,,,數A(底),,,,
17372,,英文(底),,,,,
17382,國文(底),,,,,,
17392,國文(底),,,,,,
17402,,,,,,社會(底),
17412,,,,,,社會(底),
17422,,,,數B(底),,,
17432,國文(底),,,,,,
17442,國文(底),,,,,,
17452,,,,,,社會(後),
17462,國文(後),英文(後),,,,,
17472,國文(後),英文(後),,,,,
17482,國文(後),英文(後),,,,,
17492,國文(底),,,,,,
17502,,,,,,社會(後),
17512,,英文(後),,,,,
17522,,英文(後),,,,,
17532,國文(底),,,,,,
17542,國文(後),,,,,,
17552,國文(底),,,,,,
17562,國文(底),,,,,,
17592,,,,,,,
17602,,,,,,,
18012,,英文(底),,,,,英聽(B)
18022,國文(後),英文(後),,,,,
18032,國文(均),,,,,,
18042,國文(後),,,,,,
18052,,英文(後),,,,,
18062,國文(後),,,,,社會(後),
18072,國文(後),英文(後),,,,,
18082,國文(後),,,,,,
18092,國文(均),,,,,,
18102,,,,數B(後),,,
18112,,,,,自然(底),,
18122,國文(後),英文(底),,,自然(底),,
18132,國文(後),英文(底),,,自然(底),,
18142,國文(底),英文(底),,,,,
18152,,,,數B(底),,,
18162,國文(後),英文(後),,,,,
18172,,英文(底),,,,,
18182,國文(後),,,,,,
18192,國文(後),,,,,,
18202,國文(後),,,,,,
18212,,英文(底),,,,,
18232,,,,數B(後),,,
18252,,,,數B(底),,,
18272,,英文(後),,,,,
18282,國文(後),英文(後),,,,,英聽(B)
19012,,,數A(底),數B(底),,,
19022,,英文(後),數A(底),數B(底),,,
19032,,,數A(底),數B(底),,,
19042,,英文(後),數A(後),,,,
19052,國文(後),英文(後),,,,,
19062,國文(底),,,,,,
19072,國文(底),英文(底),,數B(底),,,
19082,,英文(後),,,,,
19092,,英文(後),數A(後),數B(後),,,
19102,,英文(後),,,,,
19112,,,,數B(後),,,
19122,,英文(後),,,,,
20012,國文(均),,,,,,
20022,國文(底),英文(底),,,,社會(底),
20032,國文(後),,,,,,
20042,國文(後),英文(後),,,,社會(後),
20052,國文(均),英文(均),,,,,
20062,國文(均),英文(均),,,,社會(均),
20072,國文(均),英文(均),,數B(均),,,
20082,,,數A(底),數B(底),,,
20092,國文(均),,數A(後),數B(後),,社會(均),
20102,,英文(均),,,,,
20112,,英文(均),,,,,
20122,,英文(後),數A(後),數B(後),,,
20132,,英文(底),,,,,
20142,國文(頂),英文(頂),數A(頂),,自然(頂),,
20152,國文(頂),英文(頂),數A(頂),,自然(頂),,
20162,國文(後),英文(後),數A(後),,自然(後),,
20172,,英文(均),,,自然(均),,
20182,,英文(均),,,自然(均),,
20192,,,數A(均),,,,
20202,,,數A(均),,,,
20212,,,,,自然(均),,
20222,,,數A(後),,,,
20242,,,,,自然(均),,
20252,,,數A(後),,自然(後),,
20262,,,數A(後),,自然(後),,
20272,,,數A(後),,,,
20292,,,數A(後),,,,
20302,,,數A(均),,,,
20312,國文(前),英文(頂),,,,,
20322,國文(均),英文(均),,,,,
20332,國文(均),英文(均),,,,,
20342,國文(均),英文(均),,,,社會(均),
20352,國文(均),英文(均),,,,,
20362,國文(均),英文(均),,,,,
20372,國文(後),英文(均),,,,,
20382,國文(後),英文(均),,,,,
20392,國文(後),英文(均),數A(底),數B(底),,,
20402,,英文(均),,,,,
20412,,英文(均),,,,,
20422,,,,,自然(均),,
20432,,,,,自然(均),,
20442,,英文(均),數A(後),數B(後),自然(均),,
20452,國文(均),英文(前),,,,,
20462,國文(均),英文(前),,,,,
20472,,英文(均),,數B(均),,,
20482,,英文(均),,,,,
20492,國文(均),英文(均),,,,,
20502,,英文(均),,,,,
20512,,英文(均),,數B(均),,,
20532,,英文(均),,數B(均),,,
20542,,英文(均),,,,,
20552,國文(均),英文(均),,,,社會(均),
20562,國文(均),英文(後),,,,,
20572,,英文(均),,數B(均),,,
20582,國文(後),,,,,,
20592,國文(後),英文(後),,,,社會(後),
20602,國文(後),英文(後),,,,社會(後),
20612,國文(底),,,,,,
20622,國文(底),英文(底),,,,,
20642,國文(底),英文(底),,,,,
20672,,,,,,,
21012,,英文(均),數A(均),,,,
21022,,英文(均),,數B(均),,,
21032,,英文(均),,數B(均),,,
21042,,英文(均),數A(均),,,,
21052,,英文(均),數A(均),,自然(均),,
21062,,英文(均),,,自然(均),,
21072,,英文(後),數A(後),,自然(均),,
21082,,英文(均),,,自然(均),,
21092,,英文(均),數A(均),,自然(均),,
21102,,,數A(均),,,,
21112,,,,,自然(均),,
21122,,,數A(均),,自然(均),,
21132,,英文(均),數A(均),,自然(後),,
21142,,英文(均),數A(均),,,,
21152,,英文(均),數A(均),,自然(均),,
21162,,英文(均),,,自然(均),,
21172,,英文(均),數A(均),,自然(均),,
21192,,英文(均),,,自然(均),,
21202,,英文(均),數A(均),,自然(均),,
21212,,英文(均),數A(均),,自然(均),,
21222,國文(均),英文(均),,數B(後),,社會(後),
21232,國文(均),英文(均),,,,社會(後),
21242,,英文(前),,數B(均),,,
21252,,英文(前),,,,,
21262,國文(均),英文(後),,,,社會(後),
21272,,英文(均),,數B(後),,,
21282,,,數A(均),,自然(均),,
21292,,,,,自然(均),,
21302,,英文(後),,,自然(後),,
22012,,英文(後),數A(均),,自然(後),,
22022,,英文(後),數A(均),,自然(後),,
22032,,英文(均),數A(均),,自然(均),,
22042,,,數A(均),,自然(均),,
22052,,英文(均),,,自然(均),,
22062,國文(均),英文(均),,,,,
22072,,,數A(均),,自然(均),,
22082,,,數A(均),,自然(均),,
22092,,英文(均),數A(均),,,,
22112,,,數A(均),,自然(均),,
22122,,,數A(均),,自然(均),,
22132,國文(前),,,,,社會(均),
22142,,英文(頂),,數B(後),,,英聽(B)
22152,,英文(均),,數B(均),,社會(均),
22162,國文(均),英文(均),,數B(均),,,
22172,國文(均),英文(均),,數B(均),,,
22182,,英文(均),,數B(均),,,
23012,國文(前),英文(前),,數B(均),,社會(均),
23022,國文(前),英文(前),,數B(均),,社會(均),
23032,國文(均),英文(均),,數B(均),,,英聽(B)
23042,,,數A(前),,,,
23052,,,數A(均),,自然(均),,
23062,,,數A(均),,自然(均),,
23072,國文(均),英文(均),,,自然(均),,
23082,,英文(均),數A(均),,自然(前),,
23092,國文(前),英文(頂),,,,社會(均),
23102,國文(前),英文(均),,,,社會(均),
23112,,英文(均),,數B(均),,社會(均),
23122,國文(均),英文(均),數A(均),,自然(均),,
23132,國文(均),英文(均),數A(均),,自然(均),,
23142,,英文(均),數A(均),,自然(均),,
23152,國文(後),英文(均),數A(均),,自然(均),,
23172,國文(均),英文(均),,,,,英聽(B)
23182,國文(均),英文(均),,數B(均),,,英聽(B)
23192,國文(均),英文(均),,數B(均),,,
23202,國文(均),英文(均),數A(均),,,,
23212,國文(前),英文(前),,數B(均),,社會(前),
23222,國文(前),英文(前),,數B(均),,社會(前),
23232,國文(均),英文(均),,,,社會(均),
23242,國文(均),英文(均),,,,社會(均),
23252,,英文(均),,數B(均),,,
23262,,英文(均),數A(均),,自然(均),,
23272,,英文(均),數A(均),,自然(均),,
23282,國文(前),英文(前),,數B(前),,社會(前),
23292,國文(均),英文(均),,數B(均),,,英聽(B)
23302,國文(前),英文(前),,數B(均),,社會(均),英聽(B)
23322,,,,,,,
23332,國文(均),,,,,,
26012,國文(頂),英文(頂),數A(頂),,自然(頂),,
26022,國文(頂),英文(前),數A(前),,自然(前),,
26032,國文(底),英文(底),,,,,
26042,,英文(均),,,自然(均),,
26052,,英文(均),,,自然(均),,
26062,,英文(均),,,自然(均),,
26072,,,數A(後),數B(均),自然(均),,
26082,,英文(後),,,自然(均),,
26092,,,,,自然(均),,
26102,,英文(後),,,,,
26112,,英文(均),,,自然(均),,
26122,國文(底),英文(底),數A(底),,自然(底),,
26132,,,,,自然(均),,
26142,,英文(後),數A(後),,自然(後),,
26152,國文(後),英文(後),,,自然(後),,
26162,,英文(均),,,自然(均),,
26172,,英文(後),,,,,
26182,,,數A(後),,,,
26192,,,,,,社會(後),
26202,,英文(後),數A(後),,,,
26212,,英文(後),,數B(後),,,
27012,國文(前),英文(均),,,,社會(均),
27022,國文(均),英文(前),,,,社會(均),
27042,國文(均),英文(均),數A(均),,自然(前),,
27052,,英文(均),數A(均),,自然(均),,
27062,,英文(前),數A(均),,自然(均),,英聽(A)
27072,國文(均),英文(均),數A(均),,自然(均),,
27082,,英文(均),數A(均),,自然(均),,
27092,,英文(均),數A(均),,自然(均),,
27102,,英文(均),數A(均),,自然(均),,
27112,,英文(均),數A(均),,自然(均),,
27122,,英文(前),數A(均),,自然(均),,
27132,國文(均),英文(均),數A(均),,自然(均),,
27142,國文(均),英文(前),數A(均),,自然(均),,
27152,國文(均),英文(均),數A(前),,自然(前),,
27162,國文(均),英文(均),數A(前),,自然(前),,
27172,,英文(均),數A(前),,自然(前),,
27182,,英文(均),,數B(均),,,
27192,,英文(均),數A(均),,,,
27202,國文(均),英文(均),數A(均),,,,
27212,,英文(均),,數B(均),,社會(均),
27222,,英文(均),數A(均),,自然(均),,
27232,,英文(均),數A(前),,自然(前),,
27242,國文(均),英文(均),數A(均),,自然(均),,
27252,,英文(均),數A(均),,,,
27262,,英文(均),,,,社會(均),
27272,國文(均),英文(均),數A(均),數B(前),,,
27282,國文(均),英文(均),,,,社會(均),
27292,國文(均),英文(均),,數B(均),,,
27302,,英文(均),數A(均),,自然(均),,
27312,,英文(均),數A(均),,自然(均),,
27322,,英文(均),數A(均),,自然(均),,
27332,國文(均),英文(均),,,,社會(均),
27342,國文(均),英文(均),數A(均),數B(均),,,
28012,國文(均),英文(均),,,,,英聽(B)
28032,,英文(後),數A(後),數B(均),自然(均),,
30012,國文(前),英文(前),數A(前),,自然(前),,
30022,國文(前),英文(前),數A(前),,自然(前),,
30032,國文(頂),英文(頂),數A(頂),,自然(頂),,
30042,國文(均),英文(均),,,自然(均),,
30052,,英文(均),數A(均),,自然(均),,
30062,,英文(均),數A(均),,自然(均),,
30072,國文(均),英文(均),,,自然(均),,
30082,國文(均),英文(均),數A(均),,自然(均),,
30092,,英文(均),數A(均),,自然(均),,
30102,,英文(均),,,自然(均),,
30112,,,數A(均),,,,
30122,,英文(均),數A(均),,,,
30132,,英文(均),數A(均),,自然(均),,
30142,,,,,自然(均),,
30152,,,數A(均),,,,
30162,,,數A(均),,,,
30172,,英文(均),數A(均),,自然(均),,
30182,,英文(均),,,,,
30192,國文(均),,,,,,
30202,,英文(均),,,,,
30212,,英文(均),數A(後),數B(後),,,
30222,,,數A(均),,,,
30232,,,數A(均),數B(均),,,
31012,國文(均),英文(均),,數B(均),,,
31022,國文(均),英文(均),,,,,
31032,國文(均),,,,,,
31042,,,,數B(後),,,
31052,國文(前),英文(均),,數B(後),,社會(均),
31062,,,,,,社會(均),
31072,國文(均),英文(均),,數B(後),,,
31082,國文(均),英文(均),,,,社會(均),
31092,國文(均),英文(前),,數B(底),,社會(均),英聽(A)
31102,國文(前),英文(頂),,數B(均),,,英聽(A)
31112,,,數A(均),,,,
31122,,,數A(均),,自然(均),,
31132,,,數A(均),,,,
31142,國文(均),英文(均),,數B(均),自然(均),,
31152,國文(均),英文(均),,,,,
31162,,英文(均),,,,,
32012,國文(前),英文(均),,數B(均),,,
32022,國文(均),英文(均),,數B(均),,,
32032,國文(均),英文(前),,數B(均),,,
32042,國文(均),英文(均),,數B(均),,,
32052,國文(前),英文(均),,數B(均),,社會(均),
32062,國文(前),英文(均),,數B(均),,社會(均),
32072,國文(均),英文(均),,數B(均),,社會(均),
32082,國文(均),英文(均),,數B(均),,社會(均),
32092,國文(均),英文(均),,數B(均),,,
32102,國文(均),英文(均),,數B(後),,,
32112,國文(均),英文(均),,數B(均),,社會(均),
32122,國文(均),英文(均),,,,社會(均),
32132,國文(前),英文(頂),,數B(均),,,
32142,國文(前),英文(頂),,數B(均),,,
32152,國文(前),英文(均),,數B(均),,社會(均),
32162,國文(前),英文(均),,,,社會(均),
32172,國文(均),英文(均),數A(均),數B(均),,社會(均),
32182,國文(均),英文(均),,,,社會(均),
32192,國文(均),英文(均),,數B(均),,,
32202,,英文(均),數A(均),,,,
32212,國文(前),英文(頂),數A(頂),,,,英聽(A)
32222,,英文(均),數A(均),,,,
32242,國文(前),英文(前),數A(頂),,,,
32252,國文(前),英文(前),數A(頂),,,,
32262,國文(均),英文(均),數A(均),,自然(均),,英聽(C)
32272,,,數A(均),,自然(均),,英聽(C)
32282,國文(均),英文(前),數A(前),,自然(前),,英聽(B)
32292,國文(均),英文(前),數A(前),,自然(前),,英聽(B)
32302,國文(均),英文(前),數A(前),,自然(前),,英聽(B)
32312,國文(均),英文(均),數A(均),,自然(均),,
32322,國文(均),英文(均),,數B(均),,,
32392,,英文(均),,,,,
33012,國文(均),英文(均),,,,,
33022,國文(均),英文(均),,數B(均),,社會(均),
33032,國文(均),英文(均),,數B(均),,,
33042,國文(均),英文(均),,,,,
33052,國文(均),英文(後),,數B(後),,社會(後),
33062,國文(均),英文(均),,,,社會(均),
33072,國文(均),,,,,社會(均),
33082,國文(前),英文(前),,數B(均),,社會(均),
33092,國文(均),英文(前),,,,,
33102,,,數A(均),,,,
33112,,英文(均),數A(均),,,,
33122,,英文(均),數A(均),,自然(均),,
33132,國文(均),英文(均),數A(均),,,,
33152,,,數A(均),,,,
33162,,,數A(均),,,,
33172,,,,,自然(底),,
33182,國文(後),英文(後),,,,,
33202,國文(均),英文(均),,,,,
33212,,英文(均),,,,,
34012,,,數A(均),,,,
34022,,,數A(均),,,,
34032,,,,,自然(均),,
34042,,,,,自然(均),,
34052,,,,,自然(均),,
34062,,英文(均),,,,,
34072,,,數A(均),,,,
34092,,英文(均),數A(均),,,,
34102,,,數A(均),,自然(均),,
34112,,,,,自然(均),,
34122,,,,,自然(均),,
34132,,英文(均),,數B(均),,,
34142,,英文(均),,數B(均),,,
34152,國文(均),,,,,,
34162,國文(均),,,,,,
34172,,英文(均),,數B(均),,,
34182,,,,數B(均),,,
34192,國文(均),,,,,,
34202,,英文(均),,,,,
34212,國文(均),,,,,,
34222,國文(均),,,,,社會(均),
34232,,英文(均),,,,,
34242,,,,,,社會(均),
34252,國文(均),,,,,,
34262,,,,數B(均),,,
34272,,英文(均),,數B(均),,,
34282,國文(均),,,,,社會(均),
34292,,,,,,社會(均),
34302,國文(均),,,,,社會(均),
34312,國文(均),,,,,,
34322,國文(均),,,,,社會(均),
34332,國文(均),英文(均),,,,,
34342,,,,,,社會(均),
34352,,,,,,社會(均),
34362,國文(均),,,,,社會(均),
34372,,,,,自然(均),,
34382,國文(均),英文(均),,,,,
34402,,,,,,,
34422,,,,,,,
35012,國文(均),英文(均),,,,,
35022,國文(均),英文(均),,數B(均),,,
35032,國文(均),,,,,,
35042,國文(均),英文(均),,數B(均),,,
35052,國文(均),英文(均),,,,社會(均),
35062,國文(均),英文(底),,,,社會(均),
35072,國文(均),英文(前),,數B(均),,,英聽(A)
35082,國文(均),英文(前),,數B(均),,,英聽(A)
35092,國文(均),英文(前),,數B(均),,,英聽(A)
35102,國文(均),英文(均),,,,社會(均),
35112,國文(均),英文(均),,數B(均),,社會(均),
35122,,,,,自然(均),,
35132,,英文(均),數A(均),,自然(均),,
35142,,英文(均),數A(均),,自然(均),,
35152,,,數A(均),,自然(均),,
35162,,,,,自然(均),,
35172,國文(均),英文(均),數A(均),,,,
35192,國文(均),,,,,,英聽(B)
35202,國文(均),,,,,,
35212,,英文(均),數A(均),,,,
35262,國文(均),,,,,社會(均),英聽(B)
36012,國文(均),英文(均),,數B(後),,,
36022,國文(均),,,,,社會(均),
36032,國文(均),,,,,,
36042,國文(均),英文(均),,數B(均),,社會(均),
36052,國文(均),,,,,,
36062,國文(均),英文(後),,,,社會(均),
36072,,,,,,社會(均),
36082,,英文(均),,,,,英聽(B)
36092,,英文(均),,,,,英聽(B)
36102,國文(均),,,,,,
36112,國文(均),,,,,,
36122,,英文(後),,,,,
36132,,英文(後),,,,,
36142,國文(均),英文(均),,,,,
36152,國文(後),,,,,社會(後),
36162,,英文(底),,,,,
36172,,英文(底),,,,,
36182,,英文(底),,數B(底),,,
36192,,英文(後),,,,,
36202,,,,數B(後),,,
36212,,,數A(後),,自然(均),,
36222,,,數A(均),,自然(後),,
36232,,,數A(底),,自然(後),,
36242,,,數A(底),,自然(均),,
36252,,英文(底),,,自然(底),,
36262,,,數A(後),,,,
36272,,英文(後),數A(後),,,,
36282,國文(後),英文(後),數A(後),,,,
36292,國文(後),英文(後),數A(後),,,,
36302,國文(均),英文(後),,數B(後),,,
36332,,,,,,,
38012,國文(底),,,,,,
38022,國文(均),,,,,,
38032,國文(後),,,,,,
38042,國文(均),,,,,,
38052,國文(均),,,,,,
38062,國文(均),,,,,,
38072,國文(後),,,,,,
38082,國文(後),,,,,,
38092,國文(後),,,,,社會(後),
38102,國文(後),英文(後),,數B(後),,,
38112,,英文(均),,,,,
38122,,英文(均),,,,,
38132,國文(均),,,,,,
38142,,,,,自然(後),,
38152,,,數A(底),,,,
38162,國文(底),英文(後),數A(後),,,,
38172,,英文(後),,,,,
38182,,,數A(後),,,,
38192,,,,,自然(底),,
38202,,,,,自然(後),,
38212,,,,,自然(後),,
38232,,,,,,,
38252,國文(後),,,,,,
39012,,英文(後),,,,,
39022,,英文(後),,,,,
39032,,英文(均),,,,,
39042,國文(均),,,,,,
39052,國文(底),,,,,,
39062,國文(底),,,,,,
39072,國文(底),,,,,,
40012,國文(均),,,,,,
40022,國文(均),,,,,,
40032,國文(均),,,,,,
40042,國文(均),,,,,,
40052,,英文(均),,,,,
40062,,英文(均),,,,,
40072,,,,,,社會(後),
40082,,,,,,社會(後),
40092,,英文(均),,,,,
40102,,,數A(均),,,,
40122,,英文(後),,,,,
40132,,英文(後),,,,,
40142,國文(後),英文(後),,,,,
40152,,英文(均),,,,,
40162,,,數A(後),,,,
40172,,,,,自然(均),,
40182,,,數A(後),數B(後),,,
40192,,英文(後),,,,,
40202,,,數A(均),,,,
40212,,,,,自然(均),,
40222,,,,,自然(均),,
40232,,,數A(後),,,,
41012,國文(均),英文(均),,,,,
41022,國文(均),英文(前),,,,,
41032,國文(均),英文(均),,,,,
41042,國文(均),英文(均),,數B(後),,,
41052,,英文(均),,,,,
41062,,英文(均),數A(均),,自然(均),,
41072,,英文(均),數A(均),,自然(均),,
41082,國文(均),英文(均),數A(均),,自然(均),,
41092,國文(均),英文(均),數A(均),,自然(均),,
41102,國文(均),英文(均),,數B(均),,社會(均),
41112,國文(均),英文(均),數A(均),,自然(均),,
41122,國文(均),英文(均),,數B(均),,,
41132,,英文(前),,數B(均),,,
41142,國文(均),英文(均),,,,社會(均),
41152,國文(均),英文(均),數A(均),,自然(均),,
41162,,,數A(均),,自然(均),,
41172,,英文(均),數A(均),,自然(均),,
41182,,英文(均),數A(均),,自然(均),,
41192,國文(均),英文(均),數A(均),,自然(均),,
41202,,,數A(均),,自然(均),,
41212,國文(均),英文(均),,數B(前),,,
41222,,英文(前),,數B(前),,,
41232,國文(均),英文(前),,數B(均),,,
41242,國文(均),英文(前),,數B(均),,,
41252,國文(均),英文(前),數A(均),,,,
41262,國文(前),英文(前),,數B(均),,社會(前),
41272,國文(前),英文(前),,數B(均),,社會(前),
41282,國文(前),英文(前),,數B(均),,社會(前),
41292,國文(均),英文(均),,數B(均),,社會(均),
41302,國文(前),英文(前),,數B(均),,社會(底),
41312,國文(均),英文(均),,,,,
41322,,,數A(均),,自然(均),,
41332,國文(後),英文(均),,數B(均),,,
41342,國文(均),英文(均),,數B(後),,,
41352,國文(均),英文(均),,,,,
41362,,英文(均),,,自然(均),,
41372,國文(底),英文(均),,數B(均),,,
41382,國文(均),英文(均),,,,,
41392,,英文(後),數A(均),,自然(均),,
42012,,,數A(底),,,,
42022,國文(底),,,,,,
42032,,英文(底),,,,,
42042,,,,,自然(底),,
42052,,,數A(底),,,,
42062,,英文(底),,,,,
42072,,英文(底),,,,,
42082,,英文(底),,,,,
42092,,英文(底),,,,,
42102,,英文(底),,,,,
42112,國文(底),,,,,,
42122,,英文(底),,,,,
42132,國文(底),,,,,,
42142,,英文(底),,,,,
42152,國文(底),,,,,,
42162,,,,,,社會(底),
42172,國文(底),,,,,,
42182,,英文(底),,,,,
42192,,英文(底),,,,,
42202,,英文(底),,,,,
42212,,英文(底),,,,,
42222,,英文(底),,,,,
42232,國文(底),,,,,,
42242,,英文(底),,,,,
42252,國文(底),,,,,,
42262,,英文(底),,,,,
42272,國文(底),,,,,,
42282,國文(底),,,,,,
42292,國文(底),,,,,,
42302,國文(底),,,,,,
42312,國文(底),,,,,,
42322,,英文(底),,,,,
42332,國文(底),,,,,,
42342,,,數A(底),,,,
42352,,英文(底),,,,,
42362,,英文(底),,,,,
42372,,,,,,,
42382,,,,,,,
42392,,,,,,,
42402,,,,,,,
42412,,,,,,,
42422,,,,,,,
42432,,,,,,,
42442,,,,,,,
42452,,,,,,,
42462,,,,,,,
42472,,,,,,,
42482,,,,,,,
43012,,,數A(底),,,,
43022,,,數A(底),,,,
43032,,,數A(底),,,,
43042,,,,數B(底),,,
43052,,,數A(底),,,,
43062,,,數A(底),,,,
43072,,,數A(底),,,,
43082,,,數A(底),,,,
43092,,,,,,社會(底),
43102,,,,,自然(底),,
43112,,,,,自然(底),,
43122,國文(底),,,,,,
43132,國文(底),,,,,,
43142,,英文(底),,,,,
43152,國文(底),,,,,,
43162,,,,,,社會(底),
43172,,,,,,社會(底),
43182,,,,,,社會(底),
43192,,,,數B(底),,,
43202,,,,數B(底),,,
43212,,,,數B(底),,,
43222,國文(底),,,,,,
43232,,,數A(底),數B(底),,,
43242,國文(底),,,,,,
43252,國文(底),,,,,,
43262,,,數A(底),,,,
43272,,,,,,社會(底),
43282,,,,,,社會(底),
43292,國文(底),,,,,,
43302,國文(底),,,,,,
43312,國文(底),,,,,,
43322,國文(底),,,,,,
43332,,英文(底),,,,,
43342,,英文(底),,,,,英聽(C)
43352,,英文(底),,,,,
44012,國文(底),,,,,,
44022,國文(底),,,,,,
44032,國文(底),,,,,,
44042,國文(底),,,,,,
44052,國文(底),,,,,,
44062,國文(底),,,,,,
44072,國文(底),,,,,,
44082,國文(底),,,,,,
44092,國文(底),,,,,,
44102,國文(底),,,,,,
45012,,,數A(後),,,,
45022,,,數A(後),,,,
45032,,,數A(後),,,,
45042,,,,數B(後),,,
45062,,,,數B(後),,,
45072,,,數A(後),,,,
45082,,,數A(後),,,,
45092,,,數A(後),,,,
45102,,,數A(後),,,,
45112,,,數A(後),,,,
45122,,,數A(後),,,,
45132,,,,,自然(後),,
45142,,,數A(後),,,,
45152,國文(後),,,,,,
45162,國文(後),,,,,,
45172,國文(後),,,,,,
45182,國文(後),,,,,,
45192,國文(後),,,,,,
45202,國文(後),,,,,,
45212,,英文(後),,,,,
45222,,,,,,社會(後),
45232,,英文(後),,,,,
45242,,英文(後),,,,,
45252,國文(後),,,,,,
45262,國文(後),,,,,,
45272,,,,,,社會(後),
45282,,英文(後),,,,,
45292,,英文(均),,,,,
45302,,英文(均),,,,,
45312,,英文(均),,,,,
45322,,英文(均),,,,,
45332,,英文(均),,,,,
45342,國文(後),,,,,,
45352,國文(後),,,,,,
45362,國文(後),,,,,,
45372,,,,,,社會(後),
45382,國文(後),,,,,,
45392,國文(後),,,,,,
45402,,,,,自然(均),,
45412,,,,,自然(均),,
45422,,,,,自然(均),,
45432,,,,,自然(均),,
45442,,英文(均),,,,,
45452,,,,,自然(均),,
45462,,英文(均),,,自然(均),,
45472,,,,,自然(均),,
45482,,,數A(後),數B(後),自然(均),,
45492,國文(前),英文(前),數A(前),,自然(前),,
46012,國文(底),,,,,,
46022,,英文(底),,,,,
46032,國文(底),,,,,,
46042,,,,,,社會(底),
46052,,,,,,社會(底),
46062,國文(底),,,,,,
46072,國文(底),,,,,,
46082,國文(底),,,,,,
46092,國文(底),,,數B(底),,,
46102,國文(底),英文(底),,數B(底),,社會(底),
46112,國文(底),英文(底),,數B(底),,社會(底),
46122,國文(後),英文(底),,,,,
46132,國文(後),,,,,社會(後),
46142,,英文(後),,,,,
46152,國文(後),英文(後),,,,,
46162,國文(後),英文(底),,,,社會(後),
46172,國文(後),英文(底),,,,,
46182,,英文(後),,,,,
46192,國文(後),英文(後),,,,,
46202,,英文(後),,,,,
46212,,英文(後),,,,,
46222,國文(底),英文(底),,,,,
46232,國文(後),,,,,,
46242,國文(底),,,,,,
46252,,英文(後),,,,,
46262,,英文(後),,,,,
46272,國文(後),,,,,,
46282,國文(後),,,,,,
46292,國文(底),,,,,,
46302,,英文(後),,,,社會(後),
46312,國文(後),英文(後),,,,社會(後),
46322,國文(後),英文(後),,,,社會(後),
46332,國文(後),英文(後),,,,,
46342,國文(後),,,,,社會(後),
46352,國文(後),英文(後),,,,社會(後),
46362,,,,,,社會(底),
46372,,,,,,社會(底),
46382,,,,,,社會(底),
46392,,,,,,社會(底),
46402,,,,,,社會(底),
46412,,,,,,社會(後),
46422,國文(底),,,,,,
46432,國文(底),,,,,,
46442,國文(底),,,,,,
46452,,,,,,社會(底),
46462,國文(底),,,,,社會(底),
46472,國文(底),英文(底),,,,,
46482,國文(底),,,數B(底),,,
46492,國文(底),,,,,社會(底),
46502,國文(底),,,,,,
46512,國文(底),英文(底),,,,,
46532,國文(底),,,數B(底),自然(底),,
46552,國文(底),,數A(底),,,,
46562,國文(底),英文(底),數A(底),數B(後),,,
46572,國文(底),英文(底),,數B(底),,,
46592,,,,,,社會(底),
46602,,,,,,社會(底),
46612,,英文(底),,,自然(底),,
46622,,,,,自然(底),,
46632,國文(後),,,,,,
46642,國文(後),,,,,,
46652,國文(底),,,,,,
46662,國文(底),,,,,,
46672,國文(底),,,,,,
46682,國文(底),英文(底),,,,,
46692,國文(底),英文(底),,,,,
46702,,,,,,社會(後),
46712,國文(底),,,,,社會(底),
47012,國文(均),英文(均),,,,,
47022,國文(均),英文(均),,,,社會(均),
47032,國文(均),英文(均),,,,社會(均),
47042,國文(均),英文(均),,,,社會(均),
47052,國文(後),英文(後),,,,,
47062,國文(後),英文(後),,,,,
47072,國文(均),英文(均),,,,,
47082,國文(均),英文(後),,,,,
47092,國文(後),英文(後),,,,,
47102,國文(後),英文(後),,,,,
47112,國文(後),英文(後),,,,,
47122,國文(底),英文(底),,數B(後),,,
47132,國文(底),英文(底),,數B(後),,,
47142,國文(底),,,數B(後),,,
47152,,,,數B(底),,,
47162,,,,,,社會(底),
47172,,,,,,社會(底),
47182,,,,,,社會(底),
47192,,,,,,社會(底),
47202,,,,數B(底),,,
47212,國文(底),,,,,,
47222,國文(後),英文(後),數A(底),數B(底),,,
47232,國文(後),英文(均),,,,,
47242,國文(均),,,,,社會(後),
47252,國文(後),,,,,社會(後),
47262,國文(後),,,,,,
50012,,英文(後),,,,,
50022,國文(底),,,,,,
50032,,,,,,社會(底),
50042,,英文(底),,,,,
50052,,英文(底),,數B(底),,,
50062,,英文(後),,,,,
50072,國文(底),英文(後),,,,,
50082,國文(底),英文(後),,,,,
50092,,英文(後),,,,,
50102,國文(後),,,,,,
50112,,,,,自然(後),,
50122,,,,,,社會(底),
50132,,英文(底),,,,,
50142,,英文(底),,,,,
50152,國文(底),英文(底),,,,,
50162,,,,,,社會(底),
50172,,英文(後),,,,,
50182,,英文(底),,,,,
50202,,英文(後),,,,,
50212,,英文(底),,,,,
50222,國文(底),,,,,,
50232,,,,,,社會(底),
50242,,,,數B(底),,,
50252,國文(底),,,,,,
50262,,英文(底),,,,,
50272,,,,,自然(底),,
50282,,,,數B(底),,,
50292,,英文(底),,,,,
50302,,,,,,社會(底),
50312,國文(底),,,,,,
50322,,,,,自然(底),,
50332,國文(底),,,,,,
50342,國文(底),,,,,,
50352,,,,,,社會(底),
50362,,英文(底),,,,,
50372,,英文(底),,,,,
50382,國文(底),,,,,,
50392,,,,,,社會(底),
50402,,,,,自然(底),,
50412,國文(底),,,,,,
50422,,,,,,社會(底),
50432,,,,,自然(底),,
50442,,,,,自然(底),,
50452,,,,數B(底),,,
50462,,,,,自然(底),,
50472,,,,數B(底),,,
50482,,,,,,社會(底),
50492,國文(底),,,,,,
50502,,,,,自然(底),,
50512,,英文(底),,,,,
50522,國文(底),,,,,,
50532,,,,,,社會(底),
50542,國文(底),,,,,,
50552,國文(底),,,,,,
50562,國文(底),,,,,,
50572,,英文(底),,,,,
50582,,,,數B(底),,,
50592,國文(底),,,,,,
50602,國文(底),,,,,,
50612,,,,,自然(底),,
50622,,,,,,社會(底),
50632,,英文(底),,,,,
50642,國文(底),,,,,,
50652,,,,,,社會(底),
50662,,英文(底),,,,,
50672,國文(底),,,,,,
50682,國文(底),,,,,,
50692,,,,,,社會(底),
50702,國文(底),,,,,,
50712,,,,,,社會(底),
50722,國文(底),,,,,,
50732,,,,,,社會(底),
50752,,,,,,,
50762,,,,,,,
50772,,,,,,,
50782,,,,,,,
50792,,,,,,,
50802,,,,,,,
51012,國文(底),,,,,,
51022,,,,,,社會(底),
51032,國文(底),,,,,,
51042,,,,,,社會(底),
51052,國文(底),,,,,,
51062,國文(底),,,,,,
51072,國文(底),,,,,,
51082,國文(底),,,,,,
51092,國文(底),,,,,,
51102,國文(底),,,,,,
51112,國文(底),,,,,,
51122,國文(底),,,,,,
51132,國文(底),,,,,,
51142,,,,,,社會(底),
51152,國文(底),,,,,,
51162,,,,,,社會(底),
51172,國文(底),,,,,,
51182,國文(底),,,,,,
51192,國文(底),,,,,,
51202,國文(底),,,,,,
51212,國文(底),,,,,,
51222,國文(底),,,,,,
51232,國文(底),,,,,,
51242,國文(底),,,,,,
51252,國文(底),,,,,,
51262,國文(底),,,,,,
51272,國文(底),,,,,,
51282,國文(底),,,,,,
51292,國文(底),,,,,,
51302,國文(底),,,,,,
51312,國文(底),,,,,,
51322,國文(底),,,,,,
51332,國文(底),,,,,,
51342,國文(底),,,,,,
51352,國文(底),,,,,,
51362,國文(底),,,,,,
51372,國文(底),,,,,,
51382,,,,,,社會(底),
51392,,,,,,社會(底),
51402,,,,,自然(底),,
51412,國文(底),,,,,,
51422,國文(底),,,,,,
51432,國文(底),,,,,,
51442,,,,,自然(底),,
51452,,,,,,社會(底),
51462,國文(底),,,,,,
51472,,英文(底),,,,,
51482,國文(底),,,,,,
51492,,英文(底),,,,,
51502,,,,,自然(底),,
51512,國文(底),,,,,,
51522,國文(底),,,,,,
51532,國文(底),,,,,,
51542,,,,,,社會(底),
51552,國文(底),,,,,,
51562,,英文(底),,,,,
51572,,,,,,社會(底),
51582,國文(底),,,,,,
51592,,,,,,社會(底),
51602,,,,,,社會(底),
51612,國文(底),,,,,,
51622,國文(底),,,,,,
51632,國文(底),,,,,,
51642,,,,,,社會(底),
51652,,,,,,社會(底),
51662,,,,,,社會(底),
51672,,,,,,社會(底),
51682,國文(底),,,,,,
51692,國文(底),,,,,,
51702,國文(底),,,,,,
51712,,,,,,社會(底),
51722,國文(底),,,,,,
51732,國文(底),,,,,,
51742,,英文(底),,,,,
51762,,,,,,,
51772,,,,,,,
51792,,,,,,,
51802,,,,,,,
51812,,,,,,,
56012,國文(均),英文(均),,,自然(均),社會(均),
56022,國文(均),英文(均),,,,社會(均),
56032,國文(均),英文(均),,,,,
56222,國文(底),英文(底),,,,,
58012,國文(前),,,,,社會(均),
58022,國文(均),英文(均),,,,,
58032,,,,,,社會(均),
58042,,英文(均),,數B(均),,社會(均),
58052,,,,,,社會(均),
58062,,英文(均),,,,社會(均),
58072,,,,數B(均),,,
58082,,,,數B(均),,,
58092,,英文(均),,數B(均),,,
58102,,,,數B(均),,,
58112,國文(均),,,,,,
58122,國文(均),,,,,,
58132,,,,數B(均),,,
58142,,英文(均),,,,,
58152,國文(均),,,,,,
58162,,英文(均),,數B(均),,,
58172,國文(均),,,,,,
58182,國文(均),英文(均),,,,,
58192,,,數A(均),,,,
58212,,,,,自然(均),,
58222,,,數A(後),數B(均),,,
58232,,,,,自然(均),,
58242,,,,,自然(均),,
58252,,,,,自然(均),,
59012,國文(底),,,,,,
59022,國文(底),,,,,,
59032,,,,,,社會(底),
59042,,,,,,社會(底),
59052,國文(底),,,,,,
59062,,英文(底),,,,,
59072,國文(底),,,,,,
59082,國文(底),,,,,,
59092,國文(底),,,,,,
59102,國文(底),,,,,,
59112,國文(底),,,,,,
59122,,英文(底),,,,,
59132,國文(底),,,,,,
59142,國文(底),,,,,,
59152,,,,,,社會(底),
59162,國文(底),,,,,,
59172,國文(底),,,,,,
59182,,,,,,社會(底),
59192,,,,,,社會(底),
59202,國文(底),,,,,,
59212,國文(底),,,,,,
59222,,,,,,社會(底),
59232,國文(底),,,,,,
59242,,,,,,社會(底),
59252,國文(底),,,,,,
59262,國文(底),,,,,,
59272,國文(底),,,,,,
59282,國文(底),,,,,,
59292,,,數A(底),數B(底),,,
59302,,,數A(底),數B(底),,,
59312,,,數A(底),數B(底),,,
59322,,,數A(底),數B(底),,,
59332,,,,,自然(底),,
59342,,,,,,社會(底),
59352,國文(底),,,,,,
59362,國文(底),,,,,,
60012,國文(底),英文(底),,數B(底),,,
60022,國文(底),英文(底),,,,社會(底),
60032,國文(後),英文(後),,,,社會(後),
60042,國文(後),英文(後),數A(後),數B(後),自然(後),,
60052,國文(後),英文(後),,數B(後),,社會(後),
60062,國文(底),英文(底),,,,,
60072,,,,,,,
60082,國文(底),英文(底),,,,社會(底),
63012,,,,,,社會(均),
63022,國文(後),英文(後),,,,,
65012,國文(底),,,,,,
65022,,,,,,社會(底),
65032,國文(底),,,,,,
65042,國文(底),,,,,,
65052,國文(底),,,,,,
65062,國文(底),,,,,,
65072,國文(底),,,,,,
65082,國文(底),,,,,,
65092,,,,,,,
65102,,,,,,,
65112,,,,,,,
79012,,,,,,社會(底),
79022,國文(底),,,,,社會(底),
79032,國文(底),,,,,,
79042,國文(底),,,,,,
79052,國文(底),,,,,,
79062,,,,,,社會(底),
79072,,英文(底),,,,,
79082,國文(底),英文(底),,,,社會(底),
79092,國文(底),,,,,,
79102,,,,,,社會(底),
79112,國文(底),,數A(底),數B(底),,,
79122,,,,數B(底),,,
79132,國文(底),英文(底),,,,,
79142,,英文(底),,,,,
79152,國文(底),,,數B(底),,,
79162,國文(底),,,,,,
79172,,,,數B(底),,,
79182,國文(底),,,,,,
79192,,,,,,社會(底),
79202,國文(底),,,,,,
79212,國文(底),,,,,,
79222,國文(底),,,,,,
79232,,,,,,社會(底),
79242,,,,,,社會(底),
79252,國文(底),,,,,,
79262,,,,,,社會(底),
79272,國文(底),,,,,,
79282,,,,,,社會(底),
79292,國文(底),,,,,社會(底),
79302,國文(底),,,,,,
79312,國文(底),,,,,,
79322,國文(底),,,,,,
79332,國文(底),,,,,,
79342,,,,,,社會(底),
79352,國文(底),,,,,,
79362,國文(底),,,,,,
79372,,,,,,社會(底),
79382,國文(底),,,,,,
79392,,,,,,社會(底),
79402,國文(底),,,,,,
79412,國文(底),,,,,,
79432,國文(底),,,,,,
99012,國文(前),英文(前),,數B(均),,社會(頂),
99022,國文(前),英文(前),,數B(均),,社會(頂),
99032,國文(前),英文(前),,數B(均),,社會(頂),
99042,國文(均),英文(前),數A(均),,,,
99052,國文(均),英文(均),數A(均),,,,
99062,國文(均),英文(均),數A(均),,,,
99072,國文(均),英文(均),數A(均),,,,
99082,國文(均),英文(均),數A(均),,,社會(均),
99092,國文(前),英文(前),數A(前),,,,
99102,國文(均),英文(均),,數B(均),,,
99112,國文(均),英文(均),,數B(均),,,
99122,國文(均),英文(均),,,,社會(均),
99132,國文(均),英文(均),,,,社會(均),
99142,國文(均),英文(均),數A(均),,,社會(均),
99152,國文(均),英文(均),數A(均),,,社會(均),
99162,國文(前),英文(均),,數B(均),,,
99172,,英文(均),,數B(均),,社會(前),
99182,國文(均),英文(均),,數B(均),,,
99192,國文(均),英文(均),數A(均),,,社會(均),
99202,國文(均),英文(均),數A(均),,,社會(均),
99212,,英文(均),,數B(均),,社會(均),
99222,國文(均),英文(均),,數B(均),,,
99232,國文(後),英文(後),,數B(後),,,
99242,國文(均),英文(均),,數B(均),,,
99252,國文(前),英文(均),,,,社會(均),
99262,國文(均),英文(均),,,,社會(均),
99272,國文(前),英文(前),,,,,
99282,國文(均),英文(均),,數B(均),,,
99292,國文(均),英文(均),,,,社會(前),
99302,國文(均),,,,,社會(均),
99312,,英文(均),數A(均),,自然(均),,
99332,,英文(均),數A(均),,自然(均),,
99342,,英文(均),數A(均),,自然(均),,
99352,,英文(均),數A(均),,自然(均),,
99362,,英文(均),數A(均),,自然(均),,
100012,國文(後),,,,,,
100022,國文(均),英文(均),,數B(均),,社會(均),
100032,國文(均),英文(均),,,,,
100042,國文(均),,,,,社會(均),
100052,國文(後),,,,,,
100062,國文(均),英文(底),,,,社會(底),
100072,國文(均),英文(底),,,,社會(均),
100082,國文(均),英文(前),,,,,
100092,國文(均),英文(前),,,,,
100102,國文(後),英文(均),,數B(均),,,
100112,國文(後),英文(後),,數B(均),,,
100122,,英文(後),,,,,
100132,,,,數B(均),,,
100142,,英文(均),,,,,
100152,,,,數B(均),,,
100162,,,,,自然(均),,
100172,國文(底),英文(底),,,自然(底),,
100182,,,,,自然(底),,
100192,,英文(底),,,自然(底),,
100202,,英文(均),,,自然(均),,
100212,,英文(底),,,自然(底),,
100222,國文(均),,,數B(均),,,
100232,,,,,自然(均),,
100242,,英文(均),數A(均),,自然(均),,
100252,,英文(均),,,自然(均),,
100262,,,數A(均),,,,
100272,,,數A(均),,,,
100292,,英文(均),,,自然(均),,
100302,,,,,自然(均),,
100312,,英文(均),數A(均),,自然(均),,
100322,,英文(均),數A(均),,自然(均),,
100332,,英文(均),數A(均),,自然(均),,
100342,,英文(後),數A(後),,自然(後),,
100352,,,,,自然(均),,
100362,,,,,自然(均),,
100372,,英文(後),,,自然(後),,
100382,,英文(均),,,自然(均),,英聽(B)
100412,國文(後),英文(底),,,,社會(後),
100422,國文(後),英文(後),,數B(均),,,
101012,國文(均),英文(前),,,,社會(均),英聽(A)
101022,國文(後),英文(後),,,自然(後),,
101032,國文(均),英文(均),,,,社會(均),
101042,國文(均),英文(均),,,,社會(均),
101052,國文(均),英文(均),,,,社會(均),
101062,國文(均),英文(均),,,,社會(均),
101072,國文(均),英文(均),,,,社會(均),
101082,國文(均),英文(均),,數B(均),,社會(均),
101092,國文(均),英文(均),,數B(均),,,
101102,國文(均),英文(均),,數B(均),,社會(均),
101112,國文(均),英文(均),數A(均),,自然(均),,
101122,國文(均),英文(均),,數B(均),,,
101132,國文(均),英文(均),,數B(均),,社會(均),
101142,,,數A(均),,,,
101152,,英文(均),數A(均),,自然(均),,
101162,,英文(均),數A(均),,自然(均),,
101172,國文(均),英文(均),,,自然(均),,
101182,,英文(均),數A(均),,自然(均),,
101192,國文(均),,數A(均),,自然(均),,
101202,國文(均),,數A(均),,自然(均),,
101212,國文(均),英文(均),數A(均),,自然(均),,
101222,,英文(均),數A(均),,自然(均),,
101232,國文(均),英文(均),,數B(均),,,
101242,,英文(均),,,自然(均),,
101332,國文(底),英文(底),,,,社會(底),
108012,國文(前),英文(頂),數A(頂),,自然(頂),,
108022,,英文(均),,,自然(均),,
108032,,英文(後),,,,,
108042,國文(後),英文(後),,,自然(後),,
108052,,,,數B(後),,,
108062,,英文(均),數A(均),,自然(均),,英聽(B)
108072,,,,,自然(均),,
108082,,,,,自然(後),,
108092,國文(後),,,,,社會(底),
108102,國文(底),,,,,,
108112,國文(底),,,,,,
108122,國文(底),,,,,,
108132,國文(底),,,,,,
108142,國文(底),,,,,,
108152,,英文(底),,,,,
108162,,英文(後),,,,,
108172,國文(前),英文(頂),數A(頂),,自然(頂),,
108182,,,,,自然(均),,
108192,國文(底),,,,,,
109012,,英文(前),數A(前),,自然(前),,
109022,,英文(前),數A(前),,自然(前),,
109032,國文(前),英文(前),數A(前),,自然(前),,
109042,,英文(前),數A(均),,自然(均),,
109052,,英文(頂),數A(均),,自然(均),,英聽(A)
109062,,英文(前),數A(均),,自然(均),,
109072,,英文(均),,,自然(均),,
109082,,英文(均),,,自然(均),,
109092,國文(均),英文(均),數A(均),,自然(均),,
109102,國文(均),英文(均),,,自然(均),,
109112,國文(均),英文(均),,數B(均),,,
109122,,英文(均),,,自然(均),,
109132,,英文(均),,,自然(均),,
109142,國文(均),英文(均),,數B(均),自然(均),,
109152,國文(均),英文(均),數A(後),,自然(均),,
109162,,英文(均),數A(均),,自然(均),,
109172,國文(均),英文(均),,,自然(均),,
109182,,英文(前),數A(均),,自然(前),,
109192,國文(均),英文(前),數A(均),,自然(前),,
109202,,英文(均),數A(均),,自然(均),,
109212,,英文(均),,數B(均),自然(均),,
109222,,英文(均),,,自然(均),,
110012,,,,,,社會(底),
110022,,,,,,社會(底),
110032,,,,,,社會(底),
110042,,英文(底),,,,,
110052,,,,,,社會(底),
110062,,英文(底),,,,,
110072,國文(底),,,,,,
110082,,,,,,社會(底),
110092,國文(底),,,,,,
110102,,,,,,社會(底),
110112,,,,,,社會(底),
110122,,,,,,社會(底),
110132,,英文(底),,,,,
110142,,英文(底),,,,,
110152,,,,,自然(底),,
110162,,英文(底),,,,,
111012,國文(底),,,,,社會(底),
111022,國文(底),,,,,社會(底),
111032,國文(底),,,,,社會(底),
111042,國文(底),,,,,,
112012,國文(底),,,,,,
112022,國文(底),,,,,,
113012,,,數A(均),數B(均),,,
113022,國文(均),,,,,,
113032,國文(均),,,,,,
113042,國文(均),,,,,,
113052,,,數A(均),數B(均),,,
113062,國文(均),,,,,,
130012,國文(底),,,,,,
130022,,,,,,社會(底),
130032,國文(底),,,,,,
130042,,,,,,社會(底),
130052,國文(底),,,,,,
130062,國文(底),,,,,,
130072,,,,,,社會(底),
130082,國文(底),,,,,,
130092,國文(底),,,,,,
130102,,,,,,社會(底),
130112,,,,,,社會(底),
130122,,英文(底),,,,,
130132,國文(底),,,,,,
130142,,,數A(底),數B(底),,,
130152,,,,,,社會(底),
130162,國文(底),,,,,,
130172,,,,,,社會(底),
130182,國文(底),,,,,,
130192,,,,,,社會(底),
130202,,,,,,社會(底),
130212,,,,,,社會(底),
130222,,,,,,社會(底),
130232,國文(底),,,,,,
130242,,,,,,,
130252,,,,,,,
133012,,,,數B(底),,,
133022,,,,數B(底),,,
133032,,,,數B(底),,,
133042,國文(底),,,,,,
133052,,,數A(底),,,,
133062,國文(底),,,,,,
133072,,,,數B(底),,,
133082,國文(底),,,,,,
133092,國文(底),,,,,,
134012,國文(底),,,數B(底),,社會(底),
134022,國文(後),,,數B(底),,社會(底),
134032,國文(底),,,,自然(底),,
134042,國文(底),英文(底),,,,,
134052,,英文(後),,,自然(後),,
134062,國文(後),英文(後),,,自然(後),,
134072,,,,,自然(後),,
134082,,英文(底),,,,,
134092,,,,,,社會(底),
134102,國文(底),英文(底),,,,,
134112,,英文(後),,,自然(後),,
134122,國文(後),英文(後),,,自然(底),,
134132,國文(後),英文(後),,,自然(後),,
134142,,英文(後),數A(底),,自然(底),,
134152,,英文(底),數A(底),,自然(底),,
134162,國文(底),,數A(底),,自然(底),,
134172,,,數A(底),,,,
134182,,,數A(底),,,,
134192,國文(底),英文(底),,數B(底),,,
134202,國文(底),,,數B(底),,,
134212,,英文(底),,數B(底),,,
134222,國文(後),,,,,社會(底),
134232,國文(底),,,,,社會(後),
134242,國文(底),,,,,,
134252,國文(底),,,,,社會(底),
134262,國文(底),,,,,,
134272,國文(底),英文(底),,,,,
134282,國文(底),,,,,,
134292,國文(底),,,,,,
134302,,,,,,社會(底),
134312,國文(底),,,,,,
134322,國文(後),,,,,,
134332,國文(後),,,,,社會(後),
134342,國文(底),,,,,社會(底),
134352,國文(底),,,,,社會(後),
134362,國文(底),英文(底),,,,,
134372,,英文(底),,,,社會(底),
134382,國文(底),英文(底),,,,,
134392,國文(底),,,,,社會(底),
134402,國文(底),,,,,社會(底),
134412,國文(底),英文(底),,,,社會(底),
134422,國文(底),英文(底),,,,,
134432,國文(底),英文(底),,,,,
134442,國文(底),,,,,社會(底),
134452,國文(底),英文(底),,,,,
134462,國文(底),,,,,社會(底),
134472,,英文(底),,,,社會(底),
134482,國文(底),英文(底),,,,,
134492,,,,,,社會(底),
134502,國文(底),,,,,社會(底),
150012,,英文(均),,,,,
150022,,英文(均),,,,,
150032,國文(後),英文(均),,,,,
150042,,,,,自然(後),,
150052,,,,,自然(後),,
150062,,,數A(後),,自然(均),,
150072,,,數A(後),,自然(後),,
150082,,,數A(後),,,,
150092,,,,,自然(後),,
150102,,,,,自然(後),,
150112,,,,,自然(後),,
150122,,,,,自然(後),,
150132,,,數A(後),,,,
150142,,,,,自然(均),,
150152,,,,,自然(均),,
151012,,,數A(後),,,,
151022,,,數A(後),,,,
151032,,,,,自然(後),,
151042,,,,,自然(後),,
151052,,,數A(後),,,,
151062,,,,,自然(後),,
151072,國文(後),英文(後),,,,,
151082,,英文(後),,,,,
151092,,,數A(均),,,,
151102,,,數A(均),,,,
151112,,,數A(後),,自然(後),,
151122,,英文(後),數A(均),,,,
151142,,英文(均),,,,,
151152,國文(均),,,,,,
151172,,英文(均),,,,,
151182,國文(均),英文(後),,,,,
151192,國文(均),,,,,,
151202,國文(後),,,,,,
151212,國文(後),,,,,,
152012,,英文(頂),數A(頂),,自然(頂),社會(前),
152022,國文(均),英文(均),,,自然(均),,
152032,國文(均),英文(均),,,自然(均),,
152042,國文(均),英文(均),,,自然(均),,
152052,國文(均),英文(均),,,自然(均),,
153012,,英文(均),,,,,
153032,國文(後),,,,,社會(後),
153042,國文(後),,,,,,
153052,,,,,自然(後),,
153072,,英文(後),,,,,
153082,國文(後),,,,,,
153102,國文(後),,,,,,
153112,國文(均),,,,自然(後),,
153142,國文(後),英文(後),,,,,
153162,國文(後),,,,,,
153182,,英文(後),,,,,
153192,國文(後),,,,,,
153212,國文(後),,,,,,
153232,國文(後),,,,,,
153252,國文(後),,,,,,
153272,國文(後),,,,,社會(後),
153292,國文(後),,,,,,
154012,國文(底),,,,,,
